"_id","category","chapters","description","name","owner","price","price_currency","tags"
"672551713f95b3ee45ac70df","Outdoor","[{""name"": ""Basic Skills"", ""contents"": ""Essential survival techniques""}, {""name"": ""Shelter Building"", ""contents"": ""Creating emergency shelters""}, {""name"": ""Finding Water"", ""contents"": ""Water sourcing and purification""}]","Essential outdoor survival skills","Wilderness Survival","Adventure Press",23.99,"USD","[""Survival"", ""Outdoor"", ""Adventure"", ""Nature""]"
"672551713f95b3ee45ac70e0","Art","[{""name"": ""Color Theory"", ""contents"": ""Understanding color relationships""}, {""name"": ""Composition"", ""contents"": ""Principles of abstract composition""}]",Guide to creating abstract art,"Abstract Art Mastery","Creative Arts Publishing","35.5","EUR","[""Art"", ""Abstract"", ""Painting""]"
"672551713f95b3ee45ac70e1",Science,"[{""name"": ""Early Space Race"", ""contents"": ""The beginning of space exploration""}, {""name"": ""Moon Landing"", ""contents"": ""The Apollo missions""}, {""name"": ""Mars Missions"", ""contents"": ""Current and planned Mars exploration""}, {""name"": ""Future of Space Travel"", ""contents"": ""Upcoming space exploration technologies""}]","History and future of space travel","Space Exploration","Cosmos Publications","45.99","USD","[""Space"", ""Science"", ""Astronomy"", ""Technology"", ""History""]"
"672551713f95b3ee45ac70e2",Cooking,"[{""name"": ""Sushi Making"", ""contents"": ""Basic sushi preparation techniques""}]","Traditional Japanese cooking methods","Japanese Cuisine",Global Cuisine Press,"32.99","GBP","[""Cooking"", ""Japanese""]"
"672551713f95b3ee45ac70e3","Business","[{""name"": ""Data Collection"", ""contents"": ""Gathering marketing metrics""}, {""name"": ""Analysis Tools"", ""contents"": ""Using analytics platforms""}, {""name"": ""Reporting"", ""contents"": ""Creating effective marketing reports""}]","Understanding marketing data","Digital Marketing Analytics","Business Insights Publishing","49.99","USD","[""Marketing"", ""Analytics"", ""Digital"", ""Business"", ""Data""]"
"672551713f95b3ee45ac70e4","Music","[{""name"": ""Baroque Period"", ""contents"": ""Understanding baroque music""}, {""name"": ""Classical Period"", ""contents"": ""The classical era explained""}]","Understanding classical music","Classical Music Appreciation","Harmony Press","28.5","EUR","[""Music"", ""Classical""]"
"672551713f95b3ee45ac70e5","Fitness","[{""name"": ""Basic Poses"", ""contents"": ""Introduction to fundamental poses""}, {""name"": ""Breathing Techniques"", ""contents"": ""Understanding pranayama""}, {""name"": ""Creating a Practice"", ""contents"": ""Developing your routine""}]","Starting your yoga journey",Yoga for Beginners,"Wellness Publications","19.99","USD","[""Yoga"", ""Fitness"", ""Health"", ""Wellness""]"
"672551713f95b3ee45ac70e6","Technology","[{""name"": ""HTML Basics"", ""contents"": ""Understanding HTML structure""}, {""name"": ""CSS Styling"", ""contents"": ""Basic styling with CSS""}, {""name"": ""JavaScript Intro"", ""contents"": ""Basic JavaScript programming""}, {""name"": ""Responsive Design"", ""contents"": ""Creating mobile-friendly websites""}, {""name"": ""Web APIs"", ""contents"": ""Working with web APIs""}]","Learn modern web development","Web Development Fundamentals","Tech Education Press","44.99","USD","[""Programming"", ""Web Development"", ""HTML"", ""CSS"", ""JavaScript""]"
"672551713f95b3ee45ac70e7","Art","[{""name"": ""Materials"", ""contents"": ""Choosing your sketching tools""}, {""name"": ""Perspective"", ""contents"": ""Understanding urban perspective""}]",Quick sketching techniques for city scenes,"Urban Sketching","Artist's Publishing House","25.99","GBP","[""Art"", ""Sketching"", ""Urban""]"
"672551713f95b3ee45ac70e8","Psychology","[{""name"": ""Early Development"", ""contents"": ""Understanding infant development""}, {""name"": ""Cognitive Growth"", ""contents"": ""Mental development stages""}, {""name"": ""Social Development"", ""contents"": ""Understanding social skills development""}]","Understanding child development","Child Psychology",Academic Mind Press,"38.99","EUR","[""Psychology"", ""Child Development"", ""Education"", ""Parenting""]"
"672551713f95b3ee45ac70e9","Science","[{""name"": ""Basic Concepts"", ""contents"": ""Introduction to organic chemistry""}, {""name"": ""Molecular Structure"", ""contents"": ""Understanding molecular bonds""}, {""name"": ""Reactions"", ""contents"": ""Common organic reactions""}, {""name"": ""Lab Techniques"", ""contents"": ""Essential laboratory procedures""}]",Comprehensive guide to organic chemistry,"Organic Chemistry","Science Education Press","52.99","USD","[""Chemistry"", ""Science"", ""Education""]"
"672551713f95b3ee45ac70ea","History","[{""name"": ""Early Middle Ages"", ""contents"": ""The Dark Ages period""}, {""name"": ""High Middle Ages"", ""contents"": ""The age of feudalism""}]","Europe in the Middle Ages","Medieval History","Historical Archives Publishing","34.99","GBP","[""History"", ""Medieval"", ""Europe""]"
"672551713f95b3ee45ac70eb","Finance","[{""name"": ""Budgeting"", ""contents"": ""Creating effective budgets""}, {""name"": ""Investment Basics"", ""contents"": ""Understanding investment options""}, {""name"": ""Retirement Planning"", ""contents"": ""Planning for retirement""}]",Personal finance management guide,"Financial Planning","Finance Education Co","29.99","USD","[""Finance"", ""Money Management"", ""Investment"", ""Planning""]"
"672551713f95b3ee45ac70ec","Philosophy","[{""name"": ""Pre-Socratics"", ""contents"": ""Early Greek philosophers""}, {""name"": ""Plato"", ""contents"": ""Platonic philosophy""}, {""name"": ""Aristotle"", ""contents"": ""Aristotelian thought""}, {""name"": ""Hellenistic Period"", ""contents"": ""Later Greek philosophy""}]","Introduction to ancient philosophical thought","Ancient Philosophy","Academic Press","39.99","EUR","[""Philosophy"", ""History"", ""Ancient Greece"", ""Education"", ""Classics""]"
"672551713f95b3ee45ac70ed","Dance","[{""name"": ""Basic Movements"", ""contents"": ""Fundamental dance techniques""}]","Contemporary dance techniques","Modern Dance","Arts Education Publishing","28.99","USD","[""Dance"", ""Performance Art""]"
"672551713f95b3ee45ac70ee","Technology","[{""name"": ""Neural Network Basics"", ""contents"": ""Understanding neural networks""}, {""name"": ""Deep Learning"", ""contents"": ""Advanced neural architectures""}, {""name"": ""Implementation"", ""contents"": ""Building neural networks""}]","Deep learning and neural networks","Artificial Neural Networks","Tech Sciences Press","59.99","USD","[""AI"", ""Machine Learning"", ""Computer Science"", ""Programming""]"
